,Inception score,Inception std,FID,SSIM
AE,2.5491185188293457,0.18744239211082458,305.8388639548141,0.9066548347473145
