,precision,recall,f1,accuracy
Baseline,0.08163265306122448,0.2857142857142857,0.126984126984127,0.2857142857142857
